<annotation>
	<folder></folder>
	<filename>N11.jpeg</filename>
	<path>/Users/asik/Desktop/ANPR/images/N11.jpeg</path>
	<source>
		<database>Unknown</database>
	</source>
	<size>
		<width>275</width>
		<height>183</height>
		<depth>3</depth>
	</size>
	<segmented>0</segmented>
	<object>
		<name>num_plate</name>
		<pose>Unspecified</pose>
		<truncated>0</truncated>
		<difficult>0</difficult>
		<bndbox>
			<xmin>131</xmin>
			<ymin>130</ymin>
			<xmax>187</xmax>
			<ymax>144</ymax>
		</bndbox>
	</object>
</annotation>
