<annotation>
	<folder></folder>
	<filename>N129.jpeg</filename>
	<path>/Users/asik/Desktop/ANPR/images/N129.jpeg</path>
	<source>
		<database>Unknown</database>
	</source>
	<size>
		<width>774</width>
		<height>642</height>
		<depth>3</depth>
	</size>
	<segmented>0</segmented>
	<object>
		<name>number_plate</name>
		<pose>Unspecified</pose>
		<truncated>0</truncated>
		<difficult>0</difficult>
		<bndbox>
			<xmin>301</xmin>
			<ymin>351</ymin>
			<xmax>504</xmax>
			<ymax>402</ymax>
		</bndbox>
	</object>
</annotation>
