<annotation>
	<folder></folder>
	<filename>N130.jpeg</filename>
	<path>/Users/asik/Desktop/ANPR/images/N130.jpeg</path>
	<source>
		<database>Unknown</database>
	</source>
	<size>
		<width>594</width>
		<height>379</height>
		<depth>3</depth>
	</size>
	<segmented>0</segmented>
	<object>
		<name>number_plate</name>
		<pose>Unspecified</pose>
		<truncated>0</truncated>
		<difficult>0</difficult>
		<bndbox>
			<xmin>419</xmin>
			<ymin>173</ymin>
			<xmax>513</xmax>
			<ymax>213</ymax>
		</bndbox>
	</object>
</annotation>
