<annotation>
	<folder></folder>
	<filename>N168.jpeg</filename>
	<path>/Users/asik/Desktop/ANPR/images/N168.jpeg</path>
	<source>
		<database>Unknown</database>
	</source>
	<size>
		<width>768</width>
		<height>1024</height>
		<depth>3</depth>
	</size>
	<segmented>0</segmented>
	<object>
		<name>number_plate</name>
		<pose>Unspecified</pose>
		<truncated>0</truncated>
		<difficult>0</difficult>
		<bndbox>
			<xmin>271</xmin>
			<ymin>514</ymin>
			<xmax>474</xmax>
			<ymax>561</ymax>
		</bndbox>
	</object>
</annotation>
