<annotation>
	<folder></folder>
	<filename>N170.jpeg</filename>
	<path>/Users/asik/Desktop/ANPR/images/N170.jpeg</path>
	<source>
		<database>Unknown</database>
	</source>
	<size>
		<width>800</width>
		<height>416</height>
		<depth>3</depth>
	</size>
	<segmented>0</segmented>
	<object>
		<name>number_plate</name>
		<pose>Unspecified</pose>
		<truncated>0</truncated>
		<difficult>0</difficult>
		<bndbox>
			<xmin>299</xmin>
			<ymin>337</ymin>
			<xmax>442</xmax>
			<ymax>386</ymax>
		</bndbox>
	</object>
</annotation>
