<annotation>
	<folder></folder>
	<filename>N18.jpeg</filename>
	<path>/Users/asik/Desktop/ANPR/images/N18.jpeg</path>
	<source>
		<database>Unknown</database>
	</source>
	<size>
		<width>1023</width>
		<height>682</height>
		<depth>3</depth>
	</size>
	<segmented>0</segmented>
	<object>
		<name>number_plate</name>
		<pose>Unspecified</pose>
		<truncated>0</truncated>
		<difficult>0</difficult>
		<bndbox>
			<xmin>373</xmin>
			<ymin>366</ymin>
			<xmax>528</xmax>
			<ymax>408</ymax>
		</bndbox>
	</object>
</annotation>
