<annotation>
	<folder></folder>
	<filename>N191.jpeg</filename>
	<path>/Users/asik/Desktop/ANPR/images/N191.jpeg</path>
	<source>
		<database>Unknown</database>
	</source>
	<size>
		<width>650</width>
		<height>572</height>
		<depth>3</depth>
	</size>
	<segmented>0</segmented>
	<object>
		<name>number_plate</name>
		<pose>Unspecified</pose>
		<truncated>0</truncated>
		<difficult>0</difficult>
		<bndbox>
			<xmin>317</xmin>
			<ymin>319</ymin>
			<xmax>568</xmax>
			<ymax>397</ymax>
		</bndbox>
	</object>
</annotation>
