<annotation>
	<folder></folder>
	<filename>N193.jpeg</filename>
	<path>/Users/asik/Desktop/ANPR/images/N193.jpeg</path>
	<source>
		<database>Unknown</database>
	</source>
	<size>
		<width>802</width>
		<height>615</height>
		<depth>3</depth>
	</size>
	<segmented>0</segmented>
	<object>
		<name>number_plate</name>
		<pose>Unspecified</pose>
		<truncated>0</truncated>
		<difficult>0</difficult>
		<bndbox>
			<xmin>274</xmin>
			<ymin>2</ymin>
			<xmax>502</xmax>
			<ymax>59</ymax>
		</bndbox>
	</object>
</annotation>
