<annotation>
	<folder></folder>
	<filename>N198.jpeg</filename>
	<path>/Users/asik/Desktop/ANPR/images/N198.jpeg</path>
	<source>
		<database>Unknown</database>
	</source>
	<size>
		<width>500</width>
		<height>281</height>
		<depth>3</depth>
	</size>
	<segmented>0</segmented>
	<object>
		<name>number_plate</name>
		<pose>Unspecified</pose>
		<truncated>0</truncated>
		<difficult>0</difficult>
		<bndbox>
			<xmin>214</xmin>
			<ymin>138</ymin>
			<xmax>335</xmax>
			<ymax>169</ymax>
		</bndbox>
	</object>
</annotation>
