<annotation>
	<folder></folder>
	<filename>N2.jpeg</filename>
	<path>/Users/asik/Desktop/ANPR/images/N2.jpeg</path>
	<source>
		<database>Unknown</database>
	</source>
	<size>
		<width>3112</width>
		<height>2340</height>
		<depth>3</depth>
	</size>
	<segmented>0</segmented>
	<object>
		<name>num_plate</name>
		<pose>Unspecified</pose>
		<truncated>0</truncated>
		<difficult>0</difficult>
		<bndbox>
			<xmin>1804</xmin>
			<ymin>1734</ymin>
			<xmax>2493</xmax>
			<ymax>1882</ymax>
		</bndbox>
	</object>
</annotation>
