<annotation>
	<folder></folder>
	<filename>N211.jpeg</filename>
	<path>/Users/asik/Desktop/ANPR/images/N211.jpeg</path>
	<source>
		<database>Unknown</database>
	</source>
	<size>
		<width>305</width>
		<height>274</height>
		<depth>3</depth>
	</size>
	<segmented>0</segmented>
	<object>
		<name>number_plate</name>
		<pose>Unspecified</pose>
		<truncated>0</truncated>
		<difficult>0</difficult>
		<bndbox>
			<xmin>74</xmin>
			<ymin>149</ymin>
			<xmax>160</xmax>
			<ymax>175</ymax>
		</bndbox>
	</object>
</annotation>
