<annotation>
	<folder></folder>
	<filename>N221.jpeg</filename>
	<path>/Users/asik/Desktop/ANPR/images/N221.jpeg</path>
	<source>
		<database>Unknown</database>
	</source>
	<size>
		<width>400</width>
		<height>224</height>
		<depth>3</depth>
	</size>
	<segmented>0</segmented>
	<object>
		<name>number_plate</name>
		<pose>Unspecified</pose>
		<truncated>0</truncated>
		<difficult>0</difficult>
		<bndbox>
			<xmin>104</xmin>
			<ymin>153</ymin>
			<xmax>209</xmax>
			<ymax>182</ymax>
		</bndbox>
	</object>
</annotation>
