<annotation>
	<folder></folder>
	<filename>N25.jpeg</filename>
	<path>/Users/asik/Desktop/ANPR/images/N25.jpeg</path>
	<source>
		<database>Unknown</database>
	</source>
	<size>
		<width>460</width>
		<height>350</height>
		<depth>3</depth>
	</size>
	<segmented>0</segmented>
	<object>
		<name>number_plate</name>
		<pose>Unspecified</pose>
		<truncated>0</truncated>
		<difficult>0</difficult>
		<bndbox>
			<xmin>132</xmin>
			<ymin>169</ymin>
			<xmax>235</xmax>
			<ymax>193</ymax>
		</bndbox>
	</object>
</annotation>
