<annotation>
	<folder></folder>
	<filename>N33.jpeg</filename>
	<path>/Users/asik/Desktop/ANPR/images/N33.jpeg</path>
	<source>
		<database>Unknown</database>
	</source>
	<size>
		<width>1920</width>
		<height>1080</height>
		<depth>3</depth>
	</size>
	<segmented>0</segmented>
	<object>
		<name>number_plate</name>
		<pose>Unspecified</pose>
		<truncated>0</truncated>
		<difficult>0</difficult>
		<bndbox>
			<xmin>856</xmin>
			<ymin>665</ymin>
			<xmax>1218</xmax>
			<ymax>751</ymax>
		</bndbox>
	</object>
</annotation>
