<annotation>
	<folder></folder>
	<filename>N34.jpeg</filename>
	<path>/Users/asik/Desktop/ANPR/images/N34.jpeg</path>
	<source>
		<database>Unknown</database>
	</source>
	<size>
		<width>1920</width>
		<height>1080</height>
		<depth>3</depth>
	</size>
	<segmented>0</segmented>
	<object>
		<name>number_plate</name>
		<pose>Unspecified</pose>
		<truncated>0</truncated>
		<difficult>0</difficult>
		<bndbox>
			<xmin>576</xmin>
			<ymin>487</ymin>
			<xmax>902</xmax>
			<ymax>596</ymax>
		</bndbox>
	</object>
</annotation>
