<annotation>
	<folder></folder>
	<filename>N52.jpeg</filename>
	<path>/Users/asik/Desktop/ANPR/images/N52.jpeg</path>
	<source>
		<database>Unknown</database>
	</source>
	<size>
		<width>551</width>
		<height>455</height>
		<depth>3</depth>
	</size>
	<segmented>0</segmented>
	<object>
		<name>number_plate</name>
		<pose>Unspecified</pose>
		<truncated>0</truncated>
		<difficult>0</difficult>
		<bndbox>
			<xmin>234</xmin>
			<ymin>254</ymin>
			<xmax>422</xmax>
			<ymax>294</ymax>
		</bndbox>
	</object>
</annotation>
