<annotation>
	<folder></folder>
	<filename>N56.jpeg</filename>
	<path>/Users/asik/Desktop/ANPR/images/N56.jpeg</path>
	<source>
		<database>Unknown</database>
	</source>
	<size>
		<width>769</width>
		<height>417</height>
		<depth>3</depth>
	</size>
	<segmented>0</segmented>
	<object>
		<name>number_plate</name>
		<pose>Unspecified</pose>
		<truncated>0</truncated>
		<difficult>0</difficult>
		<bndbox>
			<xmin>302</xmin>
			<ymin>265</ymin>
			<xmax>486</xmax>
			<ymax>303</ymax>
		</bndbox>
	</object>
</annotation>
