<annotation>
	<folder></folder>
	<filename>N58.jpeg</filename>
	<path>/Users/asik/Desktop/ANPR/images/N58.jpeg</path>
	<source>
		<database>Unknown</database>
	</source>
	<size>
		<width>640</width>
		<height>435</height>
		<depth>3</depth>
	</size>
	<segmented>0</segmented>
	<object>
		<name>number_plate</name>
		<pose>Unspecified</pose>
		<truncated>0</truncated>
		<difficult>0</difficult>
		<bndbox>
			<xmin>221</xmin>
			<ymin>190</ymin>
			<xmax>430</xmax>
			<ymax>231</ymax>
		</bndbox>
	</object>
</annotation>
