<annotation>
	<folder></folder>
	<filename>N59.jpeg</filename>
	<path>/Users/asik/Desktop/ANPR/images/N59.jpeg</path>
	<source>
		<database>Unknown</database>
	</source>
	<size>
		<width>3720</width>
		<height>2472</height>
		<depth>3</depth>
	</size>
	<segmented>0</segmented>
	<object>
		<name>number_plate</name>
		<pose>Unspecified</pose>
		<truncated>0</truncated>
		<difficult>0</difficult>
		<bndbox>
			<xmin>1238</xmin>
			<ymin>1012</ymin>
			<xmax>2468</xmax>
			<ymax>1269</ymax>
		</bndbox>
	</object>
</annotation>
