<annotation>
	<folder></folder>
	<filename>N93.jpeg</filename>
	<path>/Users/asik/Desktop/ANPR/images/N93.jpeg</path>
	<source>
		<database>Unknown</database>
	</source>
	<size>
		<width>1280</width>
		<height>720</height>
		<depth>3</depth>
	</size>
	<segmented>0</segmented>
	<object>
		<name>number_plate</name>
		<pose>Unspecified</pose>
		<truncated>0</truncated>
		<difficult>0</difficult>
		<bndbox>
			<xmin>385</xmin>
			<ymin>293</ymin>
			<xmax>746</xmax>
			<ymax>434</ymax>
		</bndbox>
	</object>
</annotation>
